company_name,ticker,sector,period_end,revenue
Microsoft Corporation,MSFT,Technology,2016-06-30,91154000000.0
Microsoft Corporation,MSFT,Technology,2017-06-30,96571000000.0
Microsoft Corporation,MSFT,Technology,2018-06-30,110360000000.0
Microsoft Corporation,MSFT,Technology,2019-06-30,125843000000.0
Microsoft Corporation,MSFT,Technology,2020-06-30,143015000000.0
Microsoft Corporation,MSFT,Technology,2021-06-30,168088000000.0
Microsoft Corporation,MSFT,Technology,2023-06-30,211915000000.0
Microsoft Corporation,MSFT,Technology,2024-06-30,245122000000.0
Microsoft Corporation,MSFT,Technology,2025-06-30,281724000000.0
Apple Inc.,AAPL,Technology,2017-09-30,229234000000.0
Apple Inc.,AAPL,Technology,2018-09-29,265595000000.0
Apple Inc.,AAPL,Technology,2019-09-28,260174000000.0
Apple Inc.,AAPL,Technology,2020-09-26,274515000000.0
Apple Inc.,AAPL,Technology,2021-09-25,365817000000.0
Apple Inc.,AAPL,Technology,2022-09-24,394328000000.0
Apple Inc.,AAPL,Technology,2023-09-30,383285000000.0
Apple Inc.,AAPL,Technology,2024-09-28,391035000000.0
Apple Inc.,AAPL,Technology,2025-09-27,416161000000.0
NVIDIA Corporation,NVDA,Technology,2017-01-29,6910000000.0
NVIDIA Corporation,NVDA,Technology,2018-01-28,9714000000.0
NVIDIA Corporation,NVDA,Technology,2019-01-27,11716000000.0
NVIDIA Corporation,NVDA,Technology,2020-01-26,10918000000.0
NVIDIA Corporation,NVDA,Technology,2021-01-31,16675000000.0
Amazon.com Inc.,AMZN,Consumer Discretionary,2016-12-31,135987000000.0
Amazon.com Inc.,AMZN,Consumer Discretionary,2017-12-31,177866000000.0
Amazon.com Inc.,AMZN,Consumer Discretionary,2018-12-31,232887000000.0
Amazon.com Inc.,AMZN,Consumer Discretionary,2019-12-31,280522000000.0
Amazon.com Inc.,AMZN,Consumer Discretionary,2020-12-31,386064000000.0
Amazon.com Inc.,AMZN,Consumer Discretionary,2021-12-31,469822000000.0
Amazon.com Inc.,AMZN,Consumer Discretionary,2022-12-31,513983000000.0
Amazon.com Inc.,AMZN,Consumer Discretionary,2023-12-31,574785000000.0
Amazon.com Inc.,AMZN,Consumer Discretionary,2024-12-31,637959000000.0
Amazon.com Inc.,AMZN,Consumer Discretionary,2025-12-31,716924000000.0
Meta Platforms Inc.,META,Technology,2016-12-31,27638000000.0
Meta Platforms Inc.,META,Technology,2017-12-31,40653000000.0
Meta Platforms Inc.,META,Technology,2018-12-31,55838000000.0
Meta Platforms Inc.,META,Technology,2019-12-31,70697000000.0
Meta Platforms Inc.,META,Technology,2020-12-31,85965000000.0
Meta Platforms Inc.,META,Technology,2021-12-31,117929000000.0
Meta Platforms Inc.,META,Technology,2022-12-31,116609000000.0
Meta Platforms Inc.,META,Technology,2023-12-31,134902000000.0
Meta Platforms Inc.,META,Technology,2024-12-31,164501000000.0
Meta Platforms Inc.,META,Technology,2025-12-31,200966000000.0
Alphabet Inc.,GOOGL,Technology,2016-12-31,90272000000.0
Alphabet Inc.,GOOGL,Technology,2017-12-31,110855000000.0
Alphabet Inc.,GOOGL,Technology,2019-12-31,161857000000.0
Alphabet Inc.,GOOGL,Technology,2020-12-31,182527000000.0
Alphabet Inc.,GOOGL,Technology,2021-12-31,257637000000.0
Alphabet Inc.,GOOGL,Technology,2022-12-31,282836000000.0
Alphabet Inc.,GOOGL,Technology,2024-12-31,350018000000.0
Tesla Inc.,TSLA,Consumer Discretionary,2021-12-31,53823000000.0
Tesla Inc.,TSLA,Consumer Discretionary,2022-12-31,81462000000.0
Tesla Inc.,TSLA,Consumer Discretionary,2023-12-31,96773000000.0
Tesla Inc.,TSLA,Consumer Discretionary,2024-12-31,97690000000.0
Tesla Inc.,TSLA,Consumer Discretionary,2025-12-31,94827000000.0
Oracle Corporation,ORCL,Technology,2017-05-31,37792000000.0
Oracle Corporation,ORCL,Technology,2018-05-31,39383000000.0
Oracle Corporation,ORCL,Technology,2019-05-31,39506000000.0
Oracle Corporation,ORCL,Technology,2020-05-31,39068000000.0
Oracle Corporation,ORCL,Technology,2021-05-31,40479000000.0
Oracle Corporation,ORCL,Technology,2022-05-31,42440000000.0
Oracle Corporation,ORCL,Technology,2023-05-31,49954000000.0
Oracle Corporation,ORCL,Technology,2024-05-31,52961000000.0
Oracle Corporation,ORCL,Technology,2025-05-31,57399000000.0
Oracle Corporation,ORCL,Technology,2026-05-31,67357000000.0
Salesforce Inc.,CRM,Technology,2017-01-31,8437000000.0
Salesforce Inc.,CRM,Technology,2018-01-31,10540000000.0
Salesforce Inc.,CRM,Technology,2020-01-31,17098000000.0
Salesforce Inc.,CRM,Technology,2021-01-31,21252000000.0
Salesforce Inc.,CRM,Technology,2022-01-31,26492000000.0
Salesforce Inc.,CRM,Technology,2023-01-31,31352000000.0
Salesforce Inc.,CRM,Technology,2024-01-31,34857000000.0
Salesforce Inc.,CRM,Technology,2025-01-31,37895000000.0
Salesforce Inc.,CRM,Technology,2026-01-31,41525000000.0
Advanced Micro Devices Inc.,AMD,Technology,2016-12-31,4319000000.0
Advanced Micro Devices Inc.,AMD,Technology,2017-12-30,5253000000.0
Advanced Micro Devices Inc.,AMD,Technology,2018-12-29,6475000000.0
Advanced Micro Devices Inc.,AMD,Technology,2019-12-28,6731000000.0
Advanced Micro Devices Inc.,AMD,Technology,2020-12-26,9763000000.0
Advanced Micro Devices Inc.,AMD,Technology,2021-12-25,16434000000.0
Advanced Micro Devices Inc.,AMD,Technology,2022-12-31,23601000000.0
Advanced Micro Devices Inc.,AMD,Technology,2023-12-30,22680000000.0
Advanced Micro Devices Inc.,AMD,Technology,2024-12-28,25785000000.0
Advanced Micro Devices Inc.,AMD,Technology,2025-12-27,34639000000.0
Intel Corporation,INTC,Technology,2016-12-31,59387000000.0
Intel Corporation,INTC,Technology,2017-12-30,62761000000.0
Intel Corporation,INTC,Technology,2018-12-29,70848000000.0
Intel Corporation,INTC,Technology,2019-12-28,71965000000.0
Intel Corporation,INTC,Technology,2020-12-26,77867000000.0
Intel Corporation,INTC,Technology,2021-12-25,79024000000.0
Intel Corporation,INTC,Technology,2022-12-31,63054000000.0
Intel Corporation,INTC,Technology,2023-12-30,54228000000.0
Intel Corporation,INTC,Technology,2024-12-28,53101000000.0
Intel Corporation,INTC,Technology,2025-12-27,52853000000.0
Cisco Systems Inc.,CSCO,Technology,2017-07-29,48005000000.0
Cisco Systems Inc.,CSCO,Technology,2018-07-28,49330000000.0
Cisco Systems Inc.,CSCO,Technology,2019-07-27,51904000000.0
Cisco Systems Inc.,CSCO,Technology,2020-07-25,49301000000.0
Cisco Systems Inc.,CSCO,Technology,2021-07-31,49818000000.0
Cisco Systems Inc.,CSCO,Technology,2022-07-30,51557000000.0
Cisco Systems Inc.,CSCO,Technology,2023-07-29,56998000000.0
Cisco Systems Inc.,CSCO,Technology,2024-07-27,53803000000.0
Cisco Systems Inc.,CSCO,Technology,2025-07-26,56654000000.0
Visa Inc.,V,Financial Services,2019-09-30,22977000000.0
Visa Inc.,V,Financial Services,2020-09-30,21846000000.0
Visa Inc.,V,Financial Services,2021-09-30,24105000000.0
Visa Inc.,V,Financial Services,2022-09-30,29310000000.0
Visa Inc.,V,Financial Services,2023-09-30,32653000000.0
Visa Inc.,V,Financial Services,2024-09-30,35926000000.0
Visa Inc.,V,Financial Services,2025-09-30,40000000000.0
Mastercard Incorporated,MA,Financial Services,2018-12-31,21831000000.0
Mastercard Incorporated,MA,Financial Services,2019-12-31,24980000000.0
BlackRock Inc.,BLK,Financial Services,2016-12-31,12261000000.0
BlackRock Inc.,BLK,Financial Services,2017-12-31,13600000000.0
BlackRock Inc.,BLK,Financial Services,2018-12-31,14198000000.0
BlackRock Inc.,BLK,Financial Services,2019-12-31,14539000000.0
BlackRock Inc.,BLK,Financial Services,2020-12-31,16205000000.0
BlackRock Inc.,BLK,Financial Services,2021-12-31,19374000000.0
BlackRock Inc.,BLK,Financial Services,2022-12-31,17873000000.0
BlackRock Inc.,BLK,Financial Services,2023-12-31,17859000000.0
American Express Company,AXP,Financial Services,2017-12-31,24780000000.0
American Express Company,AXP,Financial Services,2018-12-31,26607000000.0
American Express Company,AXP,Financial Services,2019-12-31,28159000000.0
American Express Company,AXP,Financial Services,2020-12-31,21974000000.0
American Express Company,AXP,Financial Services,2021-12-31,27716000000.0
American Express Company,AXP,Financial Services,2022-12-31,34219000000.0
American Express Company,AXP,Financial Services,2023-12-31,37218000000.0
American Express Company,AXP,Financial Services,2024-12-31,38825000000.0
American Express Company,AXP,Financial Services,2025-12-31,41304000000.0
Johnson & Johnson,JNJ,Healthcare,2017-01-01,71890000000.0
Johnson & Johnson,JNJ,Healthcare,2017-12-31,76450000000.0
Johnson & Johnson,JNJ,Healthcare,2018-12-30,81581000000.0
Johnson & Johnson,JNJ,Healthcare,2019-12-29,82059000000.0
Johnson & Johnson,JNJ,Healthcare,2021-01-03,82584000000.0
Johnson & Johnson,JNJ,Healthcare,2022-01-02,78740000000.0
Johnson & Johnson,JNJ,Healthcare,2023-01-01,79990000000.0
Johnson & Johnson,JNJ,Healthcare,2023-12-31,85159000000.0
Johnson & Johnson,JNJ,Healthcare,2024-12-29,88821000000.0
Johnson & Johnson,JNJ,Healthcare,2025-12-28,94193000000.0
Pfizer Inc.,PFE,Healthcare,2016-12-31,52824000000.0
Pfizer Inc.,PFE,Healthcare,2017-12-31,52546000000.0
Pfizer Inc.,PFE,Healthcare,2018-12-31,40825000000.0
Pfizer Inc.,PFE,Healthcare,2019-12-31,40905000000.0
Pfizer Inc.,PFE,Healthcare,2021-12-31,73636000000.0
Pfizer Inc.,PFE,Healthcare,2023-12-31,50914000000.0
AbbVie Inc.,ABBV,Healthcare,2016-12-31,25638000000.0
AbbVie Inc.,ABBV,Healthcare,2017-12-31,28216000000.0
AbbVie Inc.,ABBV,Healthcare,2018-12-31,32753000000.0
AbbVie Inc.,ABBV,Healthcare,2019-12-31,33266000000.0
AbbVie Inc.,ABBV,Healthcare,2020-12-31,45804000000.0
AbbVie Inc.,ABBV,Healthcare,2021-12-31,56197000000.0
AbbVie Inc.,ABBV,Healthcare,2022-12-31,58054000000.0
AbbVie Inc.,ABBV,Healthcare,2023-12-31,54318000000.0
AbbVie Inc.,ABBV,Healthcare,2024-12-31,56334000000.0
AbbVie Inc.,ABBV,Healthcare,2025-12-31,61160000000.0
Amgen Inc.,AMGN,Healthcare,2019-12-31,23362000000.0
Amgen Inc.,AMGN,Healthcare,2020-12-31,25424000000.0
Amgen Inc.,AMGN,Healthcare,2021-12-31,25979000000.0
Amgen Inc.,AMGN,Healthcare,2022-12-31,26323000000.0
Amgen Inc.,AMGN,Healthcare,2023-12-31,28190000000.0
Amgen Inc.,AMGN,Healthcare,2024-12-31,33424000000.0
Amgen Inc.,AMGN,Healthcare,2025-12-31,36751000000.0
Gilead Sciences Inc.,GILD,Healthcare,2016-12-31,30390000000.0
Gilead Sciences Inc.,GILD,Healthcare,2017-12-31,26107000000.0
Gilead Sciences Inc.,GILD,Healthcare,2020-12-31,24689000000.0
Gilead Sciences Inc.,GILD,Healthcare,2021-12-31,27305000000.0
Gilead Sciences Inc.,GILD,Healthcare,2022-12-31,27281000000.0
Gilead Sciences Inc.,GILD,Healthcare,2023-12-31,27116000000.0
Gilead Sciences Inc.,GILD,Healthcare,2024-12-31,28754000000.0
Gilead Sciences Inc.,GILD,Healthcare,2025-12-31,29443000000.0
Walmart Inc.,WMT,Consumer Staples,2017-01-31,481317000000.0
Walmart Inc.,WMT,Consumer Staples,2018-01-31,495761000000.0
Walmart Inc.,WMT,Consumer Staples,2019-01-31,510329000000.0
Walmart Inc.,WMT,Consumer Staples,2020-01-31,519926000000.0
Walmart Inc.,WMT,Consumer Staples,2021-01-31,555233000000.0
Walmart Inc.,WMT,Consumer Staples,2022-01-31,567762000000.0
Walmart Inc.,WMT,Consumer Staples,2023-01-31,605881000000.0
Walmart Inc.,WMT,Consumer Staples,2024-01-31,642637000000.0
Walmart Inc.,WMT,Consumer Staples,2025-01-31,674538000000.0
Walmart Inc.,WMT,Consumer Staples,2026-01-31,706413000000.0
Costco Wholesale Corporation,COST,Consumer Staples,2016-08-28,118719000000.0
Costco Wholesale Corporation,COST,Consumer Staples,2017-09-03,129025000000.0
Costco Wholesale Corporation,COST,Consumer Staples,2018-09-02,141576000000.0
Costco Wholesale Corporation,COST,Consumer Staples,2019-09-01,152703000000.0
Costco Wholesale Corporation,COST,Consumer Staples,2020-08-30,166761000000.0
Costco Wholesale Corporation,COST,Consumer Staples,2021-08-29,195929000000.0
Costco Wholesale Corporation,COST,Consumer Staples,2022-08-28,226954000000.0
Costco Wholesale Corporation,COST,Consumer Staples,2023-09-03,242290000000.0
Costco Wholesale Corporation,COST,Consumer Staples,2024-09-01,254453000000.0
Costco Wholesale Corporation,COST,Consumer Staples,2025-08-31,275235000000.0
Nike Inc.,NKE,Consumer Discretionary,2017-05-31,34350000000.0
Nike Inc.,NKE,Consumer Discretionary,2018-05-31,36397000000.0
Nike Inc.,NKE,Consumer Discretionary,2019-05-31,39117000000.0
Nike Inc.,NKE,Consumer Discretionary,2020-05-31,37403000000.0
Nike Inc.,NKE,Consumer Discretionary,2021-05-31,44538000000.0
Nike Inc.,NKE,Consumer Discretionary,2022-05-31,46710000000.0
Nike Inc.,NKE,Consumer Discretionary,2023-05-31,51217000000.0
Nike Inc.,NKE,Consumer Discretionary,2024-05-31,51362000000.0
Nike Inc.,NKE,Consumer Discretionary,2025-05-31,46309000000.0
Nike Inc.,NKE,Consumer Discretionary,2026-05-31,46398000000.0
General Electric Company,GE,Industrials,2016-12-31,110171000000.0
General Electric Company,GE,Industrials,2018-12-31,113543000000.0
Honeywell International Inc.,HON,Industrials,2017-06-30,1388290000.0
Honeywell International Inc.,HON,Industrials,2018-06-30,1470797000.0
Honeywell International Inc.,HON,Industrials,2019-06-30,1552691000.0
Honeywell International Inc.,HON,Industrials,2020-06-30,1697067000.0
Honeywell International Inc.,HON,Industrials,2021-06-30,1758225000.0
Honeywell International Inc.,HON,Industrials,2022-06-30,1942884000.0
Honeywell International Inc.,HON,Industrials,2023-06-30,2077702000.0
Honeywell International Inc.,HON,Industrials,2024-06-30,2215543000.0
Honeywell International Inc.,HON,Industrials,2025-06-30,2375288000.0
Exxon Mobil Corporation,XOM,Energy,2017-12-31,237162000000.0
Exxon Mobil Corporation,XOM,Energy,2018-12-31,279332000000.0
Exxon Mobil Corporation,XOM,Energy,2019-12-31,255583000000.0
Exxon Mobil Corporation,XOM,Energy,2020-12-31,178574000000.0
Exxon Mobil Corporation,XOM,Energy,2021-12-31,276692000000.0
Chevron Corporation,CVX,Energy,2018-12-31,158902000000.0
Chevron Corporation,CVX,Energy,2019-12-31,139865000000.0
Chevron Corporation,CVX,Energy,2020-12-31,94471000000.0
Chevron Corporation,CVX,Energy,2021-12-31,155606000000.0
Chevron Corporation,CVX,Energy,2022-12-31,235717000000.0
Chevron Corporation,CVX,Energy,2023-12-31,196913000000.0
Chevron Corporation,CVX,Energy,2024-12-31,193414000000.0
Chevron Corporation,CVX,Energy,2025-12-31,184432000000.0
ConocoPhillips,COP,Energy,2016-12-31,23693000000.0
ConocoPhillips,COP,Energy,2018-12-31,36417000000.0
ConocoPhillips,COP,Energy,2019-12-31,32567000000.0
ConocoPhillips,COP,Energy,2020-12-31,13662000000.0
ConocoPhillips,COP,Energy,2021-12-31,34590000000.0
ConocoPhillips,COP,Energy,2022-12-31,61049000000.0
ConocoPhillips,COP,Energy,2023-12-31,48522000000.0
ConocoPhillips,COP,Energy,2024-12-31,49418000000.0
ConocoPhillips,COP,Energy,2025-12-31,51824000000.0
The Boeing Company,BA,Industrial,2017-12-31,94005000000.0
The Boeing Company,BA,Industrial,2019-12-31,76559000000.0
United Parcel Service Inc.,UPS,Industrial,2016-12-31,61610000000.0
United Parcel Service Inc.,UPS,Industrial,2017-12-31,66585000000.0
United Parcel Service Inc.,UPS,Industrial,2018-12-31,71861000000.0
United Parcel Service Inc.,UPS,Industrial,2019-12-31,74094000000.0
United Parcel Service Inc.,UPS,Industrial,2020-12-31,84628000000.0
United Parcel Service Inc.,UPS,Industrial,2021-12-31,97287000000.0
United Parcel Service Inc.,UPS,Industrial,2022-12-31,100338000000.0
United Parcel Service Inc.,UPS,Industrial,2023-12-31,90958000000.0
United Parcel Service Inc.,UPS,Industrial,2024-12-31,91070000000.0
United Parcel Service Inc.,UPS,Industrial,2025-12-31,88661000000.0
3M Company,MMM,Industrial,2016-12-31,30109000000.0
3M Company,MMM,Industrial,2018-12-31,32765000000.0
3M Company,MMM,Industrial,2020-12-31,32184000000.0
3M Company,MMM,Industrial,2022-12-31,26161000000.0
3M Company,MMM,Industrial,2025-12-31,24948000000.0
